,execution_time,execution_time,execution_time,execution_time,memory_usage,memory_usage,memory_usage,memory_usage,success
,mean,std,min,max,mean,std,min,max,mean
implementation,,,,,,,,,
perl,0.07210318247477206,0.001345769595543801,0.0707178115844726,0.0734055042266845,43690.666666666664,75674.45448322264,0,131072,1.0
python,0.08804639180501296,0.0006983788230764148,0.0873055458068847,0.0886926651000976,174762.66666666666,302697.81793289055,0,524288,0.0
