,execution_time,execution_time,execution_time,execution_time,memory_usage,memory_usage,memory_usage,memory_usage,success
,mean,std,min,max,mean,std,min,max,mean
implementation,,,,,,,,,
perl,3.0332574049631753,0.005623326522191416,3.028327703475952,3.039382219314575,43690.666666666664,75674.45448322264,0,131072,1.0
python,1.060514767964681,0.024925794232094057,1.0397520065307615,1.088158130645752,3407872.0,4658129.965918941,524288,8781824,0.0
